,creative_id,rev_per_1000_impression
0,13,3.393076666707494
1,55,3.293743043293533
2,16,3.2235657812347633
3,15,2.9416032339607296
4,54,2.8897587415133823
5,24,2.54884953868724
6,25,2.4821351430274565
7,20,2.19037231803844
8,35,2.046392655817041
9,10,1.9196724109704248
