,ad_unit_id,rev_per_1000_impression
0,532,400.0
1,487,97.26688102893891
2,723,73.04306447775399
3,240,71.45669291338582
4,908,71.45669291338582
5,232,59.05319668130796
6,706,56.70103092783505
7,771,41.43835616438356
8,686,37.911587102654664
9,941,36.5558912386707
